Source,Plate_well,Sample_id,Exp,Depth,Chr,Start,Depth.varscan,VAF.varscan,Gene.refGene,Depth.mutect,VAF.mutect,Depth.platypus,VAF.platypus,mean_VAF,DNMT3A
BM,14_A12,S931,LEUK45,56,2,25457243,21,0.5714,DNMT3A,40,0.55,NA,NA,0.5607,MUT
BM,14_A4,S867,LEUK45,57,2,25457243,14,0.7857,DNMT3A,27,0.769,NA,NA,0.77735,MUT
BM,14_E3,S863,LEUK45,59,NA,NA,NA,NA,NA,20,0.4,NA,NA,0.4,MUT
BM,14_C8,S901,LEUK45,60,2,25457243,20,0.65,DNMT3A,38,0.65,10,0.6,0.6333333333333333,MUT
BM,14_C5,S877,LEUK45,65,NA,NA,NA,NA,NA,NA,NA,NA,NA,0,WT
BM,14_H4,S874,LEUK45,68,NA,NA,NA,NA,NA,NA,NA,NA,NA,0,WT
BM,14_H10,S922,LEUK45,70,NA,NA,NA,NA,NA,NA,NA,NA,NA,0,WT
BM,13_E3,S767,LEUK45,71,2,25457243,8,1,DNMT3A,10,1,NA,NA,1,MUT
BM,14_H9,S914,LEUK45,71,NA,NA,NA,NA,NA,NA,NA,NA,NA,0,WT
BM,14_C4,S869,LEUK45,75,2,25457243,26,0.6154,DNMT3A,49,0.615,7,1,0.7434666666666666,MUT
BM,14_F6,S888,LEUK45,76,2,25457243,12,0.6667,DNMT3A,22,0.636,NA,NA,0.65135,MUT
BM,14_D1,S846,LEUK45,77,2,25457243,22,0.5,DNMT3A,43,0.5,NA,NA,0.5,MUT
BM,14_H2,S858,LEUK45,78,NA,NA,NA,NA,NA,NA,NA,NA,NA,0,WT
BM,14_D4,S870,LEUK45,79,2,25457243,26,0.6154,DNMT3A,51,0.6,NA,NA,0.6076999999999999,MUT
BM,14_A11,S923,LEUK45,82,2,25457243,12,0.5833,DNMT3A,20,0.636,NA,NA,0.60965,MUT
BM,14_B9,S908,LEUK45,90,2,25457243,31,0.5484,DNMT3A,53,0.567,NA,NA,0.5577,MUT
BM,14_C12,S933,LEUK45,94,2,25457243,29,0.5517,DNMT3A,45,0.56,NA,NA,0.55585,MUT
BM,14_E10,S919,LEUK45,99,2,25457243,23,0.6087,DNMT3A,39,0.591,NA,NA,0.59985,MUT
BM,14_F5,S880,LEUK45,100,NA,NA,NA,NA,NA,46,1,13,1,1,MUT
BM,14_E4,S871,LEUK45,101,2,25457243,28,0.4643,DNMT3A,42,0.478,NA,NA,0.47114999999999996,MUT
BM,14_B10,S916,LEUK45,104,2,25457243,30,0.4,DNMT3A,50,0.414,13,0.615384615,0.4764615383333333,MUT
BM,14_H1,S850,LEUK45,106,NA,NA,NA,NA,NA,NA,NA,NA,NA,0,WT
BM,14_A9,S907,LEUK45,114,2,25457243,36,0.5278,DNMT3A,57,0.531,NA,NA,0.5294000000000001,MUT
BM,14_G3,S865,LEUK45,123,2,25457243,39,0.4615,DNMT3A,70,0.474,15,0.6,0.5118333333333334,MUT
BM,14_B11,S924,LEUK45,126,2,25457243,48,0.7917,DNMT3A,74,0.85,14,0.928571429,0.8567571429999999,MUT
BM,14_E12,S935,LEUK45,127,NA,NA,NA,NA,NA,NA,NA,NA,NA,0,WT
BM,14_E7,S895,LEUK45,135,NA,NA,NA,NA,NA,NA,NA,NA,NA,0,WT
BM,14_F12,S936,LEUK45,146,2,25457243,49,0.5306,DNMT3A,87,0.531,NA,NA,0.5307999999999999,MUT
BM,14_A3,S859,LEUK45,147,2,25457243,59,0.3051,DNMT3A,97,0.327,NA,NA,0.31605,MUT
BM,14_G4,S873,LEUK45,149,NA,NA,NA,NA,NA,NA,NA,NA,NA,0,WT
BM,14_C2,S853,LEUK45,158,2,25457243,60,0.45,DNMT3A,70,0.464,NA,NA,0.457,MUT
BM,14_F1,S848,LEUK45,163,2,25457243,58,0.6379,DNMT3A,105,0.618,9,0.555555556,0.6038185186666667,MUT
BM,14_C6,S885,LEUK45,164,2,25457243,69,0.4203,DNMT3A,112,0.417,NA,NA,0.41864999999999997,MUT
BM,14_F11,S928,LEUK45,165,2,25457243,64,0.7812,DNMT3A,107,0.797,18,0.666666667,0.748288889,MUT
BM,14_E5,S879,LEUK45,169,2,25457243,63,0.3651,DNMT3A,106,0.386,19,0.578947368,0.44334912266666665,MUT
BM,14_A8,S899,LEUK45,170,2,25457243,72,0.7778,DNMT3A,122,0.779,32,0.84375,0.8001833333333334,MUT
BM,14_B12,S932,LEUK45,170,2,25457243,71,0.5493,DNMT3A,119,0.54,23,0.565217391,0.551505797,MUT
BM,14_G9,S913,LEUK45,170,2,25457243,72,0.5833,DNMT3A,126,0.586,15,0.6,0.5897666666666667,MUT
BM,14_B5,S876,LEUK45,172,NA,NA,NA,NA,NA,112,0.063,NA,NA,0.063,MUT
BM,14_B7,S892,LEUK45,176,2,25457243,69,0.6377,DNMT3A,112,0.639,18,0.611111111,0.6292703703333333,MUT
BM,14_E1,S847,LEUK45,179,2,25457243,74,0.6216,DNMT3A,128,0.612,14,0.5,0.5778666666666666,MUT
BM,14_F4,S872,LEUK45,179,2,25457243,71,0.4225,DNMT3A,116,0.422,23,0.434782609,0.4264275363333333,MUT
BM,13_A1,S747,LEUK45,186,2,25457243,71,0.6479,DNMT3A,124,0.642,11,0.636363636,0.6420878786666667,MUT
BM,14_C7,S893,LEUK45,189,NA,NA,NA,NA,NA,86,0.088,NA,NA,0.088,MUT
BM,14_D9,S910,LEUK45,191,2,25457243,76,0.4474,DNMT3A,137,0.459,16,0.6875,0.5313,MUT
BM,14_G7,S897,LEUK45,195,2,25457243,84,0.4643,DNMT3A,130,0.479,NA,NA,0.47165,MUT
BM,14_E11,S927,LEUK45,243,2,25457243,58,0.6379,DNMT3A,94,0.608,16,0.75,0.6653,MUT
BM,14_C1,S845,LEUK45,263,NA,NA,NA,NA,NA,181,1,24,1,1,MUT
BM,14_D11,S926,LEUK45,263,2,25457243,109,0.5229,DNMT3A,184,0.505,NA,NA,0.51395,MUT
BM,14_D2,S854,LEUK45,264,2,25457243,114,0.5351,DNMT3A,196,0.546,NA,NA,0.5405500000000001,MUT
BM,13_A6,S787,LEUK45,272,2,25457243,98,0.5,DNMT3A,158,0.494,32,0.4375,0.4771666666666667,MUT
BM,14_B3,S860,LEUK45,278,2,25457243,110,0.6364,DNMT3A,191,0.625,NA,NA,0.6307,MUT
BM,14_A10,S915,LEUK45,291,2,25457243,95,0.6211,DNMT3A,159,0.629,29,0.75862069,0.6695735633333333,MUT
BM,14_A2,S851,LEUK45,291,NA,NA,NA,NA,NA,208,0.632,32,0.53125,0.5816250000000001,MUT
BM,14_D12,S934,LEUK45,296,NA,NA,NA,NA,NA,NA,NA,NA,NA,0,WT
BM,13_A11,S827,LEUK45,297,2,25457243,106,0.4906,DNMT3A,192,0.48,NA,NA,0.48529999999999995,MUT
BM,14_C3,S861,LEUK45,298,2,25457243,128,0.4844,DNMT3A,207,0.47,35,0.542857143,0.4990857143333333,MUT
BM,14_H11,S930,LEUK45,304,2,25457243,113,0.6549,DNMT3A,200,0.657,NA,NA,0.65595,MUT
BM,14_B8,S900,LEUK45,323,2,25457243,142,0.5563,DNMT3A,231,0.574,42,0.523809524,0.5513698413333333,MUT
BM,13_E8,S807,LEUK45,325,2,25457243,124,0.5323,DNMT3A,206,0.525,23,0.565217391,0.5408391303333333,MUT
BM,14_B6,S884,LEUK45,335,2,25457243,156,0.6154,DNMT3A,270,0.617,NA,NA,0.6162,MUT
BM,14_F10,S920,LEUK45,352,2,25457243,160,0.55,DNMT3A,250,0.545,30,0.633333333,0.576111111,MUT
BM,13_D11,S830,LEUK45,363,2,25457243,92,0.6848,DNMT3A,145,0.688,16,0.6875,0.6867666666666666,MUT
BM,14_D6,S886,LEUK45,365,2,25457243,157,0.4459,DNMT3A,258,0.444,NA,NA,0.44495,MUT
BM,14_E8,S903,LEUK45,377,NA,NA,NA,NA,NA,NA,NA,NA,NA,0,WT
BM,13_E12,S839,LEUK45,378,2,25457243,31,0.6774,DNMT3A,46,0.72,NA,NA,0.6987,MUT
BM,14_G5,S881,LEUK45,385,NA,NA,NA,NA,NA,NA,NA,NA,NA,0,WT
BM,14_G2,S857,LEUK45,396,NA,NA,NA,NA,NA,NA,NA,NA,NA,0,WT
BM,14_C10,S917,LEUK45,421,2,25457243,188,0.5957,DNMT3A,312,0.586,46,0.47826087,0.55332029,MUT
BM,13_D10,S822,LEUK45,431,NA,NA,NA,NA,NA,NA,NA,NA,NA,0,WT
BM,13_G8,S809,LEUK45,480,2,25457243,77,0.5974,DNMT3A,124,0.609,30,0.5,0.5688,MUT
BM,14_D7,S894,LEUK45,483,2,25457243,208,0.4471,DNMT3A,359,0.437,54,0.5,0.46136666666666665,MUT
BM,14_E6,S887,LEUK45,491,2,25457243,214,0.3551,DNMT3A,361,0.359,NA,NA,0.35705,MUT
BM,14_D3,S862,LEUK45,495,2,25457243,225,0.3822,DNMT3A,368,0.39,NA,NA,0.3861,MUT
BM,13_E9,S815,LEUK45,497,2,25457243,22,0.3636,DNMT3A,37,0.3,11,0.636363636,0.433321212,MUT
BM,14_F2,S856,LEUK45,499,2,25457243,221,0.6561,DNMT3A,387,0.657,37,0.675675676,0.6629252253333333,MUT
BM,14_A1,S843,LEUK45,500,2,25457243,232,0.5043,DNMT3A,392,0.495,59,0.508474576,0.5025915253333333,MUT
BM,14_A6,S883,LEUK45,511,2,25457243,225,0.5022,DNMT3A,355,0.52,NA,NA,0.5111,MUT
BM,14_C9,S909,LEUK45,517,2,25457243,227,0.8987,DNMT3A,381,0.904,45,0.8,0.8675666666666667,MUT
BM,14_C11,S925,LEUK45,518,2,25457243,231,0.5628,DNMT3A,395,0.556,48,0.520833333,0.5465444443333334,MUT
BM,13_C11,S829,LEUK45,575,2,25457243,47,0.3404,DNMT3A,79,0.341,NA,NA,0.3407,MUT
BM,14_G8,S905,LEUK45,582,2,25457243,262,0.5115,DNMT3A,448,0.534,NA,NA,0.52275,MUT
BM,14_D8,S902,LEUK45,604,2,25457243,263,0.5665,DNMT3A,446,0.566,NA,NA,0.5662499999999999,MUT
BM,14_E9,S911,LEUK45,616,2,25457243,285,0.4807,DNMT3A,477,0.483,49,0.428571429,0.46409047633333333,MUT
BM,14_F3,S864,LEUK45,623,2,25457243,281,0.6014,DNMT3A,476,0.585,53,0.603773585,0.5967245283333333,MUT
BM,14_F8,S904,LEUK45,623,2,25457243,284,0.4613,DNMT3A,483,0.459,NA,NA,0.46015,MUT
BM,14_A5,S875,LEUK45,629,2,25457243,292,0.3904,DNMT3A,492,0.389,NA,NA,0.38970000000000005,MUT
BM,13_H6,S794,LEUK45,649,2,25457243,143,0.5105,DNMT3A,230,0.484,38,0.5,0.49816666666666665,MUT
BM,14_D5,S878,LEUK45,669,2,25457243,309,0.6796,DNMT3A,351,0.69,75,0.733333333,0.7009777776666667,MUT
BM,14_B2,S852,LEUK45,677,2,25457243,317,0.2744,DNMT3A,521,0.267,NA,NA,0.2707,MUT
BM,13_A2,S755,LEUK45,683,2,25457243,48,0.7708,DNMT3A,78,0.762,13,0.692307692,0.741702564,MUT
BM,14_B4,S868,LEUK45,687,2,25457243,326,0.4018,DNMT3A,538,0.402,NA,NA,0.40190000000000003,MUT
BM,14_F9,S912,LEUK45,694,2,25457243,316,0.6171,DNMT3A,529,0.619,61,0.524590164,0.5868967213333334,MUT
BM,14_E2,S855,LEUK45,704,2,25457243,330,0.5273,DNMT3A,560,0.536,NA,NA,0.53165,MUT
BM,14_B1,S844,LEUK45,713,2,25457243,337,0.3828,DNMT3A,560,0.371,NA,NA,0.3769,MUT
BM,13_C6,S789,LEUK45,723,2,25457243,31,0.7097,DNMT3A,56,0.733,8,0.875,0.7725666666666666,MUT
BM,14_G6,S889,LEUK45,731,NA,NA,NA,NA,NA,NA,NA,NA,NA,0,WT
BM,14_A7,S891,LEUK45,752,2,25457243,353,0.5127,DNMT3A,578,0.531,NA,NA,0.52185,MUT
BM,13_C7,S797,LEUK45,755,2,25457243,24,0.875,DNMT3A,32,0.875,NA,NA,0.875,MUT
BM,13_E2,S759,LEUK45,761,2,25457243,14,0.4286,DNMT3A,25,0.429,NA,NA,0.42879999999999996,MUT
BM,13_E5,S783,LEUK45,775,2,25457243,39,0.4103,DNMT3A,61,0.344,NA,NA,0.37715,MUT
BM,14_F7,S896,LEUK45,808,2,25457243,385,0.561,DNMT3A,641,0.548,75,0.453333333,0.5207777776666667,MUT
BM,13_E10,S823,LEUK45,814,2,25457243,9,0.8889,DNMT3A,10,1,NA,NA,0.94445,MUT
BM,14_D10,S918,LEUK45,834,2,25457243,383,0.5614,DNMT3A,657,0.555,75,0.573333333,0.5632444443333333,MUT
BM,13_G4,S777,LEUK45,839,2,25457243,169,0.5444,DNMT3A,188,0.577,NA,NA,0.5607,MUT
BM,13_C2,S757,LEUK45,861,2,25457243,55,0.6,DNMT3A,84,0.532,25,0.64,0.5906666666666667,MUT
BM,13_H7,S802,LEUK45,872,2,25457243,26,0.5,DNMT3A,42,0.522,10,0.6,0.5406666666666666,MUT
BM,13_D4,S774,LEUK45,880,2,25457243,23,0.5652,DNMT3A,36,0.524,NA,NA,0.5446,MUT
BM,13_E4,S775,LEUK45,896,NA,NA,NA,NA,NA,15,0.556,NA,NA,0.556,MUT
BM,13_E7,S799,LEUK45,940,NA,NA,NA,NA,NA,NA,NA,NA,NA,0,WT
BM,14_G1,S849,LEUK45,1011,2,25457243,476,0.2773,DNMT3A,795,0.263,NA,NA,0.27015,MUT
BM,13_A9,S811,LEUK45,1019,2,25457243,128,0.5234,DNMT3A,205,0.531,41,0.414634146,0.48967804866666664,MUT
BM,13_A5,S779,LEUK45,1061,NA,NA,NA,NA,NA,5,1,NA,NA,1,MUT
BM,13_F2,S760,LEUK45,1064,2,25457243,106,0.4151,DNMT3A,180,0.39,NA,NA,0.40255,MUT
BM,13_H2,S762,LEUK45,1114,2,25457243,30,0.3667,DNMT3A,31,0.389,NA,NA,0.37785,MUT
BM,13_E6,S791,LEUK45,1139,2,25457243,110,0.5182,DNMT3A,184,0.505,32,0.6875,0.5702333333333334,MUT
BM,13_H12,S842,LEUK45,1143,NA,NA,NA,NA,NA,NA,NA,NA,NA,0,WT
BM,13_D2,S758,LEUK45,1250,2,25457243,85,0.9412,DNMT3A,140,0.95,19,0.894736842,0.928645614,MUT
BM,13_D9,S814,LEUK45,1268,2,25457243,59,0.8136,DNMT3A,98,0.804,27,0.814814815,0.8108049383333333,MUT
BM,13_A3,S763,LEUK45,1277,2,25457243,144,0.4861,DNMT3A,246,0.518,40,0.45,0.4847,MUT
BM,13_D5,S782,LEUK45,1299,2,25457243,385,0.7532,DNMT3A,659,0.755,88,0.715909091,0.741369697,MUT
BM,13_H1,S754,LEUK45,1300,2,25457243,62,0.5645,DNMT3A,82,0.569,NA,NA,0.56675,MUT
BM,13_A10,S819,LEUK45,1311,NA,NA,NA,NA,NA,NA,NA,NA,NA,0,WT
BM,13_C3,S765,LEUK45,1315,2,25457243,37,0.4324,DNMT3A,64,0.471,15,0.4,0.43446666666666667,MUT
BM,13_H11,S834,LEUK45,1330,2,25457243,19,0.4211,DNMT3A,28,0.412,NA,NA,0.41655,MUT
BM,13_A7,S795,LEUK45,1343,2,25457243,169,0.4497,DNMT3A,295,0.451,NA,NA,0.45035000000000003,MUT
BM,13_C12,S837,LEUK45,1387,2,25457243,65,0.4308,DNMT3A,113,0.435,NA,NA,0.4329,MUT
BM,13_H4,S778,LEUK45,1417,2,25457243,12,0.5,DNMT3A,24,0.5,NA,NA,0.5,MUT
BM,13_B10,S820,LEUK45,1433,NA,NA,NA,NA,NA,NA,NA,NA,NA,0,WT
BM,13_E1,S751,LEUK45,1478,2,25457243,28,0.6071,DNMT3A,46,0.625,6,0.666666667,0.6329222223333333,MUT
BM,13_A8,S803,LEUK45,1486,2,25457243,278,0.556,DNMT3A,455,0.554,79,0.556962025,0.5556540083333333,MUT
BM,13_B5,S780,LEUK45,1510,2,25457243,290,0.8897,DNMT3A,491,0.899,55,0.854545455,0.8810818183333333,MUT
BM,13_F7,S800,LEUK45,1510,2,25457243,58,0.431,DNMT3A,99,0.415,NA,NA,0.423,MUT
BM,13_G10,S825,LEUK45,1510,2,25457243,25,0.6,DNMT3A,48,0.615,NA,NA,0.6074999999999999,MUT
BM,13_H9,S818,LEUK45,1539,2,25457243,131,0.3588,DNMT3A,243,0.366,28,0.357142857,0.360647619,MUT
BM,13_D7,S798,LEUK45,1659,2,25457243,149,0.4966,DNMT3A,256,0.5,41,0.512195122,0.5029317073333333,MUT
BM,13_D6,S790,LEUK45,1665,2,25457243,29,0.6207,DNMT3A,49,0.64,11,0.636363636,0.6323545453333334,MUT
BM,13_G9,S817,LEUK45,1789,2,25457243,99,0.4848,DNMT3A,156,0.5,17,0.470588235,0.4851294116666667,MUT
BM,13_G5,S785,LEUK45,1846,2,25457243,138,0.5942,DNMT3A,225,0.575,30,0.766666667,0.6452888889999999,MUT
BM,13_F5,S784,LEUK45,2013,2,25457243,76,0.4737,DNMT3A,125,0.456,29,0.413793103,0.4478310343333333,MUT
BM,13_E11,S831,LEUK45,2044,2,25457243,115,0.4348,DNMT3A,193,0.421,33,0.454545455,0.43678181833333335,MUT
BM,13_B3,S764,LEUK45,2070,2,25457243,42,0.619,DNMT3A,78,0.579,NA,NA,0.599,MUT
BM,13_C9,S813,LEUK45,2084,2,25457243,38,0.5,DNMT3A,51,0.6,NA,NA,0.55,MUT
BM,13_G3,S769,LEUK45,2084,2,25457243,545,0.811,DNMT3A,914,0.818,113,0.805309735,0.8114365783333334,MUT
BM,13_G7,S801,LEUK45,2092,2,25457243,168,0.625,DNMT3A,189,0.695,NA,NA,0.6599999999999999,MUT
BM,13_C8,S805,LEUK45,2220,2,25457243,218,0.4587,DNMT3A,366,0.461,NA,NA,0.45985,MUT
BM,13_F3,S768,LEUK45,2229,2,25457243,131,0.9618,DNMT3A,226,0.975,27,0.962962963,0.9665876543333333,MUT
BM,13_D1,S750,LEUK45,2328,2,25457243,25,0.48,DNMT3A,38,0.522,NA,NA,0.501,MUT
BM,13_B8,S804,LEUK45,2397,2,25457243,114,0.3596,DNMT3A,182,0.363,33,0.484848485,0.4024828283333333,MUT
BM,13_A4,S771,LEUK45,2786,2,25457243,199,0.5528,DNMT3A,335,0.55,41,0.56097561,0.55459187,MUT
BM,13_F10,S824,LEUK45,2845,2,25457243,248,0.5282,DNMT3A,399,0.502,NA,NA,0.5151,MUT
BM,13_H8,S810,LEUK45,2967,2,25457243,264,0.4735,DNMT3A,439,0.462,51,0.37254902,0.43601634,MUT
BM,13_F1,S752,LEUK45,3054,2,25457243,217,0.7235,DNMT3A,369,0.719,59,0.830508475,0.7576694916666666,MUT
BM,13_G2,S761,LEUK45,3073,2,25457243,317,0.5836,DNMT3A,528,0.582,NA,NA,0.5828,MUT
BM,13_B4,S772,LEUK45,3095,NA,NA,NA,NA,NA,NA,NA,NA,NA,0,WT
BM,13_C5,S781,LEUK45,3218,NA,NA,NA,NA,NA,NA,NA,NA,NA,0,WT
BM,13_B1,S748,LEUK45,3303,2,25457243,323,0.4396,DNMT3A,545,0.442,NA,NA,0.44079999999999997,MUT
BM,13_B9,S812,LEUK45,3359,2,25457243,77,0.5455,DNMT3A,130,0.535,19,0.473684211,0.5180614036666666,MUT
BM,13_G1,S753,LEUK45,3521,2,25457243,203,0.5862,DNMT3A,351,0.586,47,0.574468085,0.582222695,MUT
BM,13_F11,S832,LEUK45,3531,NA,NA,NA,NA,NA,NA,NA,NA,NA,0,WT
BM,13_C10,S821,LEUK45,3561,2,25457243,234,0.594,DNMT3A,379,0.604,47,0.574468085,0.590822695,MUT
BM,13_B11,S828,LEUK45,3686,2,25457243,181,0.4751,DNMT3A,279,0.455,47,0.361702128,0.43060070933333333,MUT
BM,13_H5,S786,LEUK45,3857,NA,NA,NA,NA,NA,157,0.786,29,0.827586207,0.8067931035,MUT
BM,13_F4,S776,LEUK45,4009,2,25457243,58,0.569,DNMT3A,98,0.54,NA,NA,0.5545,MUT
BM,13_F8,S808,LEUK45,4102,2,25457243,255,0.4392,DNMT3A,279,0.434,59,0.525423729,0.46620790966666664,MUT
BM,13_B6,S788,LEUK45,4189,NA,NA,NA,NA,NA,NA,NA,NA,NA,0,WT
BM,13_F6,S792,LEUK45,4471,2,25457243,470,0.5298,DNMT3A,801,0.533,96,0.5,0.5209333333333334,MUT
BM,13_F9,S816,LEUK45,4834,2,25457243,311,0.254,DNMT3A,342,0.265,NA,NA,0.2595,MUT
BM,13_A12,S835,LEUK45,4988,2,25457243,121,0.5289,DNMT3A,201,0.5,31,0.483870968,0.5042569893333333,MUT
BM,13_H10,S826,LEUK45,4989,2,25457243,81,0.5679,DNMT3A,135,0.625,16,0.6875,0.6268,MUT
BM,13_D3,S766,LEUK45,4998,2,25457243,51,0.451,DNMT3A,82,0.457,NA,NA,0.454,MUT
BM,13_H3,S770,LEUK45,5045,2,25457243,249,0.3293,DNMT3A,417,0.327,NA,NA,0.32815,MUT
BM,13_F12,S840,LEUK45,5211,NA,NA,NA,NA,NA,NA,NA,NA,NA,0,WT
BM,13_B12,S836,LEUK45,5342,2,25457243,159,0.5723,DNMT3A,282,0.567,37,0.594594595,0.577964865,MUT
BM,13_C4,S773,LEUK45,5424,2,25457243,38,0.9474,DNMT3A,61,0.943,10,1,0.9634666666666667,MUT
BM,13_D8,S806,LEUK45,5688,2,25457243,38,0.4737,DNMT3A,68,0.459,NA,NA,0.46635000000000004,MUT
BM,13_G11,S833,LEUK45,6073,2,25457243,137,0.4964,DNMT3A,237,0.496,NA,NA,0.4962,MUT
BM,13_B2,S756,LEUK45,6225,2,25457243,31,0.5161,DNMT3A,49,0.556,NA,NA,0.53605,MUT
BM,13_G12,S841,LEUK45,6898,NA,NA,NA,NA,NA,NA,NA,NA,NA,0,WT
BM,13_G6,S793,LEUK45,7894,2,25457243,328,0.5213,DNMT3A,548,0.52,66,0.53030303,0.5238676766666667,MUT
BM,13_D12,S838,LEUK45,8043,2,25457243,75,0.2667,DNMT3A,127,0.257,NA,NA,0.26185,MUT
BM,13_B7,S796,LEUK45,11990,2,25457243,241,0.4481,DNMT3A,421,0.441,57,0.421052632,0.436717544,MUT
BM,13_C1,S749,LEUK45,17320,2,25457243,32,0.5625,DNMT3A,51,0.667,NA,NA,0.61475,MUT
